Metric,Value
Accuracy,90.0
Precision,90.17857142857143
Recall,90.0
F1 Score,89.9888765294772
